{"RL-001.jpg": [[155, 316.6666666666667, 160.33333333333331, 321.6666666666667], [192.33333333333331, 420.3333333333333, 198.66666666666669, 426.6666666666667], [182, 69, 190, 77], [208, 326, 211.5, 329], [223, 348, 226, 351], [221, 259, 224, 262]], "RL-002.jpg": [[223.66666666666669, 401, 232.66666666666666, 409.6666666666667], [175.66666666666669, 323, 184.33333333333331, 331.6666666666667], [217, 46.333333333333336, 227.33333333333334, 55.666666666666664]], "RL-009.jpg": [], "RL-021.jpg": [[185, 51.5, 210, 65.0], [145.5, 278, 169.0, 292], [191.33333333333331, 362, 207.33333333333331, 372], [190, 54, 197, 62], [149, 281, 156, 289]], "RL-024.jpg": [[212.5, 216, 218.5, 222], [185, 317.6666666666667, 195.66666666666669, 325.0], [219, 374, 226, 380], [210, 213, 229, 225], [216, 370, 237, 382]], "RL-032.jpg": [[208.5, 306.5, 217.5, 315.0], [258, 401, 268.66666666666663, 411.6666666666667], [255, 93.5, 265, 103.5], [206, 304, 224, 319], [251, 91, 268, 107]], "RL-035.jpg": [], "RL-044.jpg": [[279, 200.33333333333334, 289.66666666666663, 210.66666666666666], [231, 371.6666666666667, 243.66666666666666, 382.0], [285, 469, 296.66666666666663, 480.3333333333333], [336, 322, 340, 326], [346, 340, 350, 344], [346, 285, 349, 288]], "RL-058.jpg": [[202.5, 311, 230.0, 328.5], [276.5, 448, 301.5, 465.5], [279, 451, 290, 460], [207, 313, 217, 324]], "RL-067.jpg": [], "RL-070.jpg": [[234, 191.33333333333334, 240, 196.66666666666666], [214.66666666666669, 301.6666666666667, 222.0, 307.3333333333333]], "RL-077.jpg": [], "RL-083.jpg": [], "RL-087.jpg": [], "RL-088.jpg": [], "RL-091.jpg": [], "RL-095.jpg": [], "RL-097.jpg": [[137, 65.5, 160, 79.5], [84, 255.5, 106.5, 268.5], [88, 258, 95, 265], [142, 69, 147, 74]], "RL-102.jpg": [], "RL-106.jpg": [[234, 530.5, 289, 559.5], [302.5, 275, 318.5, 287], [307.5, 319.5, 324.5, 328.5], [331.5, 381.5, 346.0, 389.5], [240, 539, 253, 552], [334, 383, 337, 386], [311, 322, 314, 325], [305, 279, 309, 283], [337, 170, 340, 173]], "RL-107.jpg": [[333, 191.66666666666666, 342, 198.33333333333334], [300.33333333333337, 327.6666666666667, 307.33333333333337, 334.6666666666667], [331, 383, 338, 390], [301.66666666666663, 455.3333333333333, 314.3333333333333, 467.6666666666667]], "RL-109.jpg": [], "RL-112.jpg": [[299, 256.3333333333333, 305.33333333333337, 262.0], [261, 394, 266.66666666666663, 399], [303.66666666666663, 474, 309.0, 479]], "RL-117.jpg": [[216.33333333333331, 227.66666666666666, 220.33333333333331, 231.33333333333334], [202, 313.3333333333333, 206.33333333333331, 317.0], [218.66666666666669, 338.3333333333333, 222.66666666666669, 343.0]], "RL-126.jpg": [], "RL-136.jpg": [[201.33333333333331, 191.66666666666666, 213.33333333333331, 200.33333333333334], [167, 333.6666666666667, 178.66666666666669, 341.3333333333333], [205.66666666666669, 400.6666666666667, 216.66666666666669, 408.0]], "RL-137.jpg": [[204, 192.33333333333334, 209.66666666666669, 198.33333333333334], [169.66666666666669, 333.6666666666667, 175.66666666666669, 339.6666666666667], [208, 401, 213, 406.3333333333333]], "RL-141.jpg": [], "RL-144.jpg": [], "RL-166.jpg": [], "RL-172.jpg": [[136.66666666666669, 366.3333333333333, 155.33333333333331, 380.0], [222, 296, 227, 301], [220, 345, 224, 349]], "RL-173.jpg": [[221, 216, 238, 234], [61, 8, 76, 23]], "RL-183.jpg": [], "RL-188.jpg": [], "RL-192.jpg": [[185.33333333333331, 225.33333333333334, 191.0, 231.0], [158.33333333333331, 321.6666666666667, 163.66666666666669, 326.6666666666667], [188.33333333333331, 374.3333333333333, 194.0, 379.6666666666667]], "RL-197.jpg": [[244, 295, 249, 299], [230.66666666666666, 354, 235.33333333333334, 358], [243, 378, 247.66666666666666, 381]], "RL-206.jpg": [[196.66666666666669, 438.6666666666667, 204.66666666666669, 447.6666666666667], [142.66666666666669, 360, 152.0, 368.6666666666667]], "RL-221.jpg": [], "RL-223.jpg": [], "RL-241.jpg": [[160.66666666666669, 195, 177.33333333333331, 211]], "RL-246.jpg": [[313.66666666666663, 190.33333333333334, 343.66666666666663, 219.33333333333334], [290.66666666666663, 306.6666666666667, 319.66666666666663, 339.3333333333333], [315.33333333333337, 355.6666666666667, 344.0, 384.3333333333333]], "RL-262.jpg": [], "RL-264.jpg": [[224, 43.666666666666664, 229, 48.333333333333336], [205.33333333333331, 385.3333333333333, 211.66666666666669, 391.6666666666667], [154.33333333333331, 305.6666666666667, 160.66666666666669, 312.3333333333333]], "RL-273.jpg": [[223, 127.33333333333333, 228.33333333333334, 132.33333333333334], [194.33333333333331, 262, 200.33333333333331, 268.3333333333333]], "RL-294.jpg": [[249.66666666666666, 40.333333333333336, 262.0, 49.0], [245, 299, 250, 304]], "RL-302.jpg": [[177.66666666666669, 296.6666666666667, 183.33333333333331, 302.6666666666667], [218.33333333333331, 168.33333333333334, 224.33333333333334, 174.66666666666666]], "RL-316.jpg": [], "RL-319.jpg": [], "RL-320.jpg": [[85, 609, 108, 632], [88, 619, 103, 626]], "RL-321.jpg": [], "RL-331.jpg": [[224, 159, 231, 166], [221, 389.3333333333333, 232.33333333333334, 399.6666666666667], [219, 155, 237, 169]], "RL-333.jpg": [[243.33333333333334, 109, 255.33333333333334, 121.33333333333333], [209.66666666666669, 324, 220.33333333333331, 334], [255, 408.3333333333333, 265.33333333333337, 418.3333333333333]]}